event_index,timestamp_s,foot_index,foot_name,is_new_contact,body_x,body_y,body_z
0,0.013732433319,1,FR,0,0.346935451031,-0.085262663662,-0.513376712799
0,0.013732433319,2,RL,0,-0.248132288456,0.086154669523,-0.513863801956
1,0.123033761978,1,FR,0,0.264846622944,-0.089347764850,-0.519505321980
1,0.123033761978,2,RL,0,-0.329628288746,0.083931401372,-0.519604086876
2,0.224120616913,1,FR,0,0.158111274242,-0.088855490088,-0.512038290501
2,0.224120616913,2,RL,0,-0.436665356159,0.083517923951,-0.512932837009
3,0.254441738129,0,FL,1,0.458189040422,0.076338611543,-0.512523770332
3,0.254441738129,3,RR,1,-0.136966943741,-0.094330020249,-0.517351090908
4,0.355288505554,0,FL,0,0.352884680033,0.078432783484,-0.514308094978
4,0.355288505554,3,RR,0,-0.243157327175,-0.092775166035,-0.519837319851
5,0.461084842682,0,FL,0,0.266307353973,0.082381308079,-0.520589351654
5,0.461084842682,3,RR,0,-0.330574303865,-0.090172827244,-0.526836872101
6,0.563757896423,0,FL,0,0.193811312318,0.083814233541,-0.517579734325
6,0.563757896423,3,RR,0,-0.404020309448,-0.088740855455,-0.523279905319
7,0.613303661346,0,FL,0,0.124791301787,0.083258345723,-0.509902596474
7,0.613303661346,1,FR,1,0.471084505320,-0.087119713426,-0.513144433498
7,0.613303661346,3,RR,0,-0.472044914961,-0.089223891497,-0.513638436794
8,0.624875545502,0,FL,0,0.120024241507,0.083639115095,-0.508953392506
8,0.624875545502,1,FR,0,0.462978661060,-0.088674053550,-0.514093637466
8,0.624875545502,2,RL,1,-0.133729815483,0.082815468311,-0.513725459576
8,0.624875545502,3,RR,0,-0.476686716080,-0.089624062181,-0.512508749962
9,0.741307735443,1,FR,0,0.361174464226,-0.086813196540,-0.510051429272
9,0.741307735443,2,RL,0,-0.234392672777,0.085310928524,-0.513320267200
10,0.844187498093,1,FR,0,0.267755985260,-0.091612473130,-0.515519678593
10,0.844187498093,2,RL,0,-0.327149212360,0.083204731345,-0.520147502422
11,0.953168153763,1,FR,0,0.176946461201,-0.092449508607,-0.511415004730
11,0.953168153763,2,RL,0,-0.417989194393,0.081466466188,-0.516038179398
12,0.988849639893,0,FL,1,0.469543009996,0.076414428651,-0.508055448532
12,0.988849639893,1,FR,0,0.134435832500,-0.091460540891,-0.507285475731
12,0.988849639893,2,RL,0,-0.460038065910,0.083154574037,-0.511293292046
13,1.002382278442,0,FL,0,0.464194178581,0.078145787120,-0.507992446423
13,1.002382278442,3,RR,1,-0.135926723480,-0.092765696347,-0.515401184559
14,1.110270261765,0,FL,0,0.368177831173,0.080040499568,-0.508838951588
14,1.110270261765,3,RR,0,-0.231152802706,-0.091561824083,-0.518208503723
15,1.218403577805,0,FL,0,0.281729578972,0.081415697932,-0.517263174057
15,1.218403577805,3,RR,0,-0.318388104439,-0.091787323356,-0.526255965233
16,1.331689357758,0,FL,0,0.169288381934,0.082959733903,-0.512563228607
16,1.331689357758,3,RR,0,-0.431394755840,-0.089929796755,-0.519412696362
17,1.378795862198,1,FR,1,0.458443164825,-0.082885980606,-0.516591072083
17,1.378795862198,2,RL,1,-0.137089699507,0.087261527777,-0.513837814331
18,1.480903863907,1,FR,0,0.356779158115,-0.084473133087,-0.515115499496
18,1.480903863907,2,RL,0,-0.237647712231,0.086215883493,-0.515439271927
19,1.584373235703,1,FR,0,0.269878208637,-0.088917031884,-0.520798444748
19,1.584373235703,2,RL,0,-0.323973447084,0.083742767572,-0.520984053612
20,1.685187578201,1,FR,0,0.179212629795,-0.091776907444,-0.516043782234
20,1.685187578201,2,RL,0,-0.414888083935,0.080340594053,-0.516856372356
21,1.770827770233,0,FL,1,0.462418735027,0.084157593548,-0.509157896042
21,1.770827770233,3,RR,1,-0.134529948235,-0.087839037180,-0.514444649220
22,1.881243467331,0,FL,0,0.333853006363,0.084529839456,-0.512115955353
22,1.881243467331,3,RR,0,-0.262570798397,-0.086885854602,-0.518989682198
23,2.001293897629,0,FL,0,0.240204885602,0.083810821176,-0.517478048801
23,2.001293897629,3,RR,0,-0.358725726604,-0.090300440788,-0.524520874023
24,2.101995944977,1,FR,1,0.461929619312,-0.075614035130,-0.515089809895
24,2.101995944977,2,RL,1,-0.133450001478,0.094303041697,-0.512395560741
25,2.202790498734,1,FR,0,0.363359987736,-0.077768653631,-0.513408184052
25,2.202790498734,2,RL,0,-0.230811387300,0.092426314950,-0.513178884983
26,2.313688039780,1,FR,0,0.284152925014,-0.081760868430,-0.518434345722
26,2.313688039780,2,RL,0,-0.309818625450,0.089493930340,-0.518910050392
27,2.423068761826,1,FR,0,0.186182782054,-0.085195712745,-0.515119373798
27,2.423068761826,2,RL,0,-0.407647907734,0.086299344897,-0.516384363174
28,2.476716995239,0,FL,1,0.455607891083,0.077332913876,-0.511067509651
28,2.476716995239,3,RR,1,-0.143255352974,-0.095006547868,-0.518696427345
29,2.577619791031,0,FL,0,0.361758947372,0.078355506063,-0.511793613434
29,2.577619791031,3,RR,0,-0.236571997404,-0.092180326581,-0.519552409649
30,2.679828166962,0,FL,0,0.275832533836,0.081247672439,-0.518930435181
30,2.679828166962,3,RR,0,-0.323284864426,-0.090992495418,-0.527277648449
31,2.784583806992,0,FL,0,0.201149299741,0.083805054426,-0.516697406769
31,2.784583806992,3,RR,0,-0.399160683155,-0.089418768883,-0.524490773678
32,2.836443901062,0,FL,0,0.122606962919,0.083664804697,-0.508206844330
32,2.836443901062,1,FR,1,0.464150339365,-0.088011331856,-0.516784667969
32,2.836443901062,2,RL,1,-0.131242007017,0.080633699894,-0.511543214321
32,2.836443901062,3,RR,0,-0.476735442877,-0.089268557727,-0.513365745544
33,2.945614337921,1,FR,0,0.365592181683,-0.087781116366,-0.514637053013
33,2.945614337921,2,RL,0,-0.228011727333,0.082681313157,-0.512254536152
34,3.049666166306,1,FR,0,0.290790259838,-0.087933123112,-0.519522786140
34,3.049666166306,2,RL,0,-0.302900850773,0.083982318640,-0.517714083195
35,3.160518407822,1,FR,0,0.197296395898,-0.090331576765,-0.517170667648
35,3.160518407822,2,RL,0,-0.396225839853,0.082223623991,-0.516543447971
36,3.209774732590,1,FR,0,0.131143093109,-0.089209973812,-0.511114835739
36,3.209774732590,2,RL,0,-0.461506277323,0.084254354239,-0.509140133858
36,3.209774732590,3,RR,1,-0.129310011864,-0.095322780311,-0.514577329159
37,3.223402976990,0,FL,1,0.450585603714,0.076105281711,-0.512033641338
37,3.223402976990,3,RR,0,-0.146749973297,-0.097214639187,-0.518047213554
38,3.330285549164,0,FL,0,0.341319143772,0.077126085758,-0.513462901115
38,3.330285549164,3,RR,0,-0.254527509212,-0.094027340412,-0.518471002579
39,3.432174444199,0,FL,0,0.275365918875,0.078371115029,-0.518909454346
39,3.432174444199,3,RR,0,-0.321260750294,-0.093169987202,-0.524559080601
40,3.545368194580,0,FL,0,0.175577029586,0.079507641494,-0.514553785324
40,3.545368194580,3,RR,0,-0.421827107668,-0.091826029122,-0.519255697727
41,3.576236724854,0,FL,0,0.126485392451,0.078058414161,-0.508986532688
41,3.576236724854,1,FR,1,0.469338238239,-0.080851346254,-0.513671457767
41,3.576236724854,3,RR,0,-0.470048069954,-0.093286238611,-0.512697517872
42,3.586417913437,1,FR,0,0.456933230162,-0.083423569798,-0.515357971191
42,3.586417913437,2,RL,1,-0.139170736074,0.089078202844,-0.514939367771
43,3.686972141266,1,FR,0,0.360760271549,-0.082866348326,-0.511335015297
43,3.686972141266,2,RL,0,-0.236203342676,0.088302269578,-0.516070723534
44,3.792428970337,1,FR,0,0.282372891903,-0.086881726980,-0.516821980476
44,3.792428970337,2,RL,0,-0.314531743526,0.085773378611,-0.521485328674
45,3.901801586151,1,FR,0,0.177489146590,-0.090511366725,-0.512906670570
45,3.901801586151,2,RL,0,-0.419155120850,0.081935197115,-0.517059981823
46,3.970443964005,0,FL,1,0.460032880306,0.083118736744,-0.509272336960
46,3.970443964005,3,RR,1,-0.139102309942,-0.088956192136,-0.516311764717
47,4.073482513428,0,FL,0,0.344816267490,0.082864493132,-0.510709404945
47,4.073482513428,3,RR,0,-0.254187285900,-0.089404925704,-0.519911229610
48,4.173671960831,0,FL,0,0.270932048559,0.083998411894,-0.517748713493
48,4.173671960831,3,RR,0,-0.329014003277,-0.089129716158,-0.526282668114
49,4.293557882309,0,FL,0,0.173850372434,0.084447488189,-0.513617038727
49,4.293557882309,3,RR,0,-0.426630854607,-0.088242098689,-0.520126104355
50,4.313242673874,1,FR,1,0.460639446974,-0.083195745945,-0.515076518059
50,4.313242673874,2,RL,1,-0.133844107389,0.086597979069,-0.512969493866
51,4.424276113510,1,FR,0,0.359409540892,-0.083618789911,-0.513104557991
51,4.424276113510,2,RL,0,-0.234333753586,0.087395176291,-0.513731718063
52,4.529042482376,1,FR,0,0.279670953751,-0.085348710418,-0.518685698509
52,4.529042482376,2,RL,0,-0.313850522041,0.086671799421,-0.519165992737
53,4.629502534866,1,FR,0,0.195400565863,-0.088222905993,-0.516256093979
53,4.629502534866,2,RL,0,-0.398044288158,0.084349066019,-0.517533719540
54,4.705015897751,0,FL,1,0.445762157440,0.078366190195,-0.513840377331
54,4.705015897751,3,RR,1,-0.151744872332,-0.095864273608,-0.519767582417
55,4.816786527634,0,FL,0,0.341267317533,0.077996581793,-0.515646100044
55,4.816786527634,3,RR,0,-0.254704475403,-0.092953853309,-0.520326733589
56,4.921674728394,0,FL,0,0.244627773762,0.082986965775,-0.521466851234
56,4.921674728394,3,RR,0,-0.352477490902,-0.089204758406,-0.525957465172
57,5.025574207306,0,FL,0,0.150822773576,0.083157569170,-0.514109730721
57,5.025574207306,3,RR,0,-0.446249604225,-0.088392734528,-0.517612814903
58,5.053872823715,0,FL,0,0.120785176754,0.083147853613,-0.510236799717
58,5.053872823715,1,FR,1,0.466369032860,-0.089077495039,-0.516322195530
58,5.053872823715,3,RR,0,-0.476198136806,-0.089156478643,-0.513285338879
59,5.058543205261,1,FR,0,0.456567108631,-0.091387405992,-0.517301619053
59,5.058543205261,2,RL,1,-0.137741923332,0.081380605698,-0.514245986938
60,5.172196388245,1,FR,0,0.359316229820,-0.088691465557,-0.513745844364
60,5.172196388245,2,RL,0,-0.234553754330,0.083159014583,-0.514270305634
61,5.276432275772,1,FR,0,0.270723998547,-0.091048970819,-0.518896460533
61,5.276432275772,2,RL,0,-0.322482168674,0.082848869264,-0.520004928112
62,5.379701375961,1,FR,0,0.188141912222,-0.092003762722,-0.515025019646
62,5.379701375961,2,RL,0,-0.405459523201,0.081175923347,-0.517250180244
63,5.421106100082,0,FL,1,0.468433350325,0.075583398342,-0.507964730263
63,5.421106100082,1,FR,0,0.130640000105,-0.090874463320,-0.509101033211
63,5.421106100082,2,RL,0,-0.462018668652,0.083224475384,-0.510653376579
64,5.432572126389,0,FL,0,0.458993822336,0.078881099820,-0.507627904415
64,5.432572126389,3,RR,1,-0.139167696238,-0.093669638038,-0.515324175358
65,5.555489778519,0,FL,0,0.369830489159,0.080679237843,-0.506328523159
65,5.555489778519,3,RR,0,-0.228904515505,-0.091425195336,-0.516707062721
66,5.663444042206,0,FL,0,0.263150334358,0.083209000528,-0.515421390533
66,5.663444042206,3,RR,0,-0.336546331644,-0.090658977628,-0.525572717190
67,5.772136211395,0,FL,0,0.162948414683,0.085709430277,-0.510072708130
67,5.772136211395,3,RR,0,-0.436966657639,-0.090932846069,-0.516028046608
68,5.784477233887,0,FL,0,0.146730348468,0.087825030088,-0.507569074631
68,5.784477233887,1,FR,1,0.450717985630,-0.107956014574,-0.509875893593
68,5.784477233887,3,RR,0,-0.452902019024,-0.088016539812,-0.515679836273
69,5.803535223007,1,FR,0,0.440457284451,-0.105968914926,-0.510413348675
69,5.803535223007,2,RL,1,-0.155432343483,0.067489832640,-0.511323809624
70,5.908752441406,1,FR,0,0.356366336346,-0.104404158890,-0.511417210102
70,5.908752441406,2,RL,0,-0.238539069891,0.069141574204,-0.513301014900
71,6.013909816742,1,FR,0,0.298972129822,-0.107494510710,-0.516258358955
71,6.013909816742,2,RL,0,-0.295708060265,0.067850537598,-0.517969131470
72,6.115284204483,1,FR,0,0.236655399203,-0.110446400940,-0.516039609909
72,6.115284204483,2,RL,0,-0.357736349106,0.065642789006,-0.516999125481
73,6.207025051117,0,FL,1,0.400981366634,0.094804227352,-0.510663211346
73,6.207025051117,3,RR,1,-0.195951133966,-0.081480242312,-0.520303487778
74,6.319607019424,0,FL,0,0.316949039698,0.088646002114,-0.514949262142
74,6.319607019424,3,RR,0,-0.279036462307,-0.083536274731,-0.523077011108
75,6.422206878662,0,FL,0,0.266485571861,0.086000800133,-0.516883015633
75,6.422206878662,3,RR,0,-0.331035673618,-0.088402450085,-0.523932874203
76,6.527530670166,0,FL,0,0.215880081058,0.082348801196,-0.513190031052
76,6.527530670166,3,RR,0,-0.381949782372,-0.091774538159,-0.519040763378
77,6.559751033783,1,FR,1,0.388012260199,-0.077951237559,-0.513052105904
77,6.559751033783,2,RL,1,-0.191255122423,0.095414981246,-0.512715101242
78,6.668681621552,1,FR,0,0.320531606674,-0.079657748342,-0.513122379780
78,6.668681621552,2,RL,0,-0.260353386402,0.090181715786,-0.516104578972
79,6.774682998657,1,FR,0,0.263533353806,-0.086154609919,-0.516229748726
79,6.774682998657,2,RL,0,-0.317629516125,0.083076156676,-0.518546462059
80,6.893404006958,1,FR,0,0.193852186203,-0.086714439094,-0.511209368706
80,6.893404006958,2,RL,0,-0.387597858906,0.081658586860,-0.512605309486
81,6.911913633347,0,FL,1,0.350663065910,0.087754629552,-0.509408473969
81,6.911913633347,3,RR,1,-0.157542794943,-0.090816214681,-0.516350030899
82,7.018435001373,0,FL,0,0.287814646959,0.084053270519,-0.511592209339
82,7.018435001373,3,RR,0,-0.220093876123,-0.089278444648,-0.520047545433
83,7.119590520859,0,FL,0,0.234492421150,0.085718557239,-0.515396654606
83,7.119590520859,3,RR,0,-0.274104356766,-0.089456759393,-0.525454998016
84,7.223806381226,0,FL,0,0.170320436358,0.085662692785,-0.513145387173
84,7.223806381226,3,RR,0,-0.339533567429,-0.088957101107,-0.523194909096
85,7.294756412506,1,FR,1,0.337819039822,-0.094327300787,-0.519666016102
85,7.294756412506,2,RL,1,-0.162371009588,0.106868624687,-0.518553435802
86,7.396059513092,1,FR,0,0.276923060417,-0.096664302051,-0.518525004387
86,7.396059513092,2,RL,0,-0.224017351866,0.100713454187,-0.521142482758
87,7.502956151962,1,FR,0,0.225068882108,-0.101982504129,-0.519263923168
87,7.502956151962,2,RL,0,-0.275469005108,0.097964845598,-0.523299098015
88,7.613988637924,1,FR,0,0.162811696529,-0.100426629186,-0.514309406281
88,7.613988637924,2,RL,0,-0.338755756617,0.097401365638,-0.519547224045
89,7.640108108521,1,FR,0,0.141496002674,-0.100285530090,-0.512572407722
89,7.640108108521,2,RL,0,-0.359514504671,0.097783021629,-0.517526686192
89,7.640108108521,3,RR,1,-0.146420627832,-0.108374923468,-0.515840470791
90,7.653891563416,0,FL,1,0.350225508213,0.087057679892,-0.516000509262
90,7.653891563416,3,RR,0,-0.155424088240,-0.110532402992,-0.518837451935
91,7.758067131042,0,FL,0,0.286884546280,0.091046527028,-0.518202781677
91,7.758067131042,3,RR,0,-0.215830355883,-0.106015153229,-0.519152283669
92,7.859777927399,0,FL,0,0.237211942673,0.091611683369,-0.521645367146
92,7.859777927399,3,RR,0,-0.266504317522,-0.108257770538,-0.521341919899
93,7.971301317215,0,FL,0,0.158823683858,0.098301842809,-0.518230199814
93,7.971301317215,3,RR,0,-0.344508409500,-0.098523393273,-0.513938844204
94,8.024968862534,0,FL,0,0.113798677921,0.096603631973,-0.516451716423
94,8.024968862534,2,RL,1,-0.161312192678,0.098337158561,-0.511998713017
94,8.024968862534,3,RR,0,-0.389317780733,-0.100274965167,-0.507179379463
95,8.032738447189,1,FR,1,0.329751551151,-0.097942255437,-0.531462073326
95,8.032738447189,2,RL,0,-0.168590843678,0.098997451365,-0.513489902020
96,8.135114431381,1,FR,0,0.244508028030,-0.100425831974,-0.540764451027
96,8.135114431381,2,RL,0,-0.250041812658,0.093586191535,-0.512107789516
97,8.241126060486,1,FR,0,0.175354570150,-0.107820510864,-0.548967719078
97,8.241126060486,2,RL,0,-0.317930370569,0.088325925171,-0.506941437721
98,8.346905231476,1,FR,0,0.095163404942,-0.109243050218,-0.562587976456
98,8.346905231476,2,RL,0,-0.395822107792,0.088495492935,-0.497331589460
99,8.440521478653,0,FL,1,0.308310478926,0.105638980865,-0.407339811325
99,8.440521478653,1,FR,0,0.000315919518,-0.110544353724,-0.564923644066
99,8.440521478653,2,RL,0,-0.488932430744,0.086819767952,-0.475482583046
99,8.440521478653,3,RR,1,-0.233084529638,-0.084011033177,-0.526956439018
100,8.544684648514,0,FL,0,0.208231955767,0.103216834366,-0.433037221432
100,8.544684648514,3,RR,0,-0.340097963810,-0.089296095073,-0.519730806351
101,8.647725343704,0,FL,0,0.108598746359,0.100744888186,-0.458633214235
101,8.647725343704,3,RR,0,-0.444969326258,-0.094688221812,-0.500303685665
102,8.752280473709,0,FL,0,0.011496132240,0.099703073502,-0.467805266380
102,8.752280473709,3,RR,0,-0.542798042297,-0.091014057398,-0.466515541077
103,8.855701446533,0,FL,0,-0.064437605441,0.091267436743,-0.461945712566
103,8.855701446533,3,RR,0,-0.617243051529,-0.106884062290,-0.428405642509
104,8.879464626312,1,FR,1,0.188647389412,-0.083195716143,-0.403546363115
104,8.879464626312,2,RL,1,-0.459031254053,0.116031169891,-0.518308341503
105,8.985664844513,1,FR,0,0.110670655966,-0.083295717835,-0.403902858496
105,8.985664844513,2,RL,0,-0.539910197258,0.115052290261,-0.488106429577
106,9.086750745773,1,FR,0,0.007178422064,-0.081852287054,-0.402134269476
106,9.086750745773,2,RL,0,-0.646497309208,0.118206702173,-0.441496312618
107,9.188516378403,1,FR,0,-0.058298736811,-0.078839935362,-0.402803808451
107,9.188516378403,2,RL,0,-0.713458716869,0.119415856898,-0.422927945852
108,9.293246984482,1,FR,0,-0.143311604857,-0.069127261639,-0.394450455904
108,9.293246984482,2,RL,0,-0.797292053699,0.128365457058,-0.400449991226
109,9.312857627869,0,FL,1,0.159047380090,0.051465578377,-0.413320392370
109,9.312857627869,3,RR,1,-0.467658579350,-0.144132390618,-0.395113348961
110,9.414376735687,0,FL,0,0.057205758989,0.052684858441,-0.404949605465
110,9.414376735687,3,RR,0,-0.563683688641,-0.131787002087,-0.383499920368
111,9.516895771027,0,FL,0,-0.000694150105,0.059090130031,-0.409355074167
111,9.516895771027,3,RR,0,-0.627566874027,-0.134477645159,-0.382150769234
112,9.627058744431,0,FL,0,-0.055590394884,0.056661553681,-0.414758354425
112,9.627058744431,3,RR,0,-0.683806180954,-0.144276037812,-0.383168280125
113,9.728300333023,0,FL,0,-0.133315682411,0.037075057626,-0.407570123672
113,9.728300333023,3,RR,0,-0.758276939392,-0.149059146643,-0.382250815630
114,9.787328958511,1,FR,1,0.137510091066,-0.041117914021,-0.435552686453
114,9.787328958511,2,RL,1,-0.466840654612,0.178280070424,-0.390196800232
115,9.887862443924,1,FR,0,0.063799560070,-0.058150663972,-0.425109505653
115,9.887862443924,2,RL,0,-0.540439724922,0.165672451258,-0.385547429323
116,9.991581201553,1,FR,0,0.006326412782,-0.060965977609,-0.419537961483
116,9.991581201553,2,RL,0,-0.599572062492,0.157196804881,-0.391432881355
117,10.097367525101,1,FR,0,-0.056164670736,-0.066899910569,-0.423462808132
117,10.097367525101,2,RL,0,-0.657791972160,0.158373728395,-0.397967129946
118,10.200569868088,1,FR,0,-0.121688976884,-0.047299653292,-0.420839846134
118,10.200569868088,2,RL,0,-0.731913506985,0.170104384422,-0.400196313858
119,10.255428791046,0,FL,1,0.160378754139,0.033205583692,-0.437153160572
119,10.255428791046,3,RR,1,-0.452844619751,-0.194114774466,-0.412186145782
120,10.361481666565,0,FL,0,0.081407368183,0.054181806743,-0.427135407925
120,10.361481666565,3,RR,0,-0.531638979912,-0.178727373481,-0.403677791357
121,10.465747833252,0,FL,0,0.016264431179,0.063014470041,-0.423003762960
121,10.465747833252,3,RR,0,-0.596920013428,-0.165622100234,-0.406219780445
122,10.569571256638,0,FL,0,-0.038557954133,0.068283267319,-0.424925714731
122,10.569571256638,3,RR,0,-0.651220977306,-0.160716533661,-0.408897161484
123,10.674967050552,0,FL,0,-0.114329129457,0.061662949622,-0.422264456749
123,10.674967050552,3,RR,0,-0.726109087467,-0.166190102696,-0.406990051270
124,10.744035482407,1,FR,1,0.154871582985,-0.044295355678,-0.437246173620
124,10.744035482407,2,RL,1,-0.452393412590,0.165626555681,-0.420107364655
125,10.858958244324,1,FR,0,0.078436940908,-0.063157223165,-0.427816390991
125,10.858958244324,2,RL,0,-0.526603043079,0.150405541062,-0.411851227283
126,10.966576576233,1,FR,0,0.008981825784,-0.066861689091,-0.419436991215
126,10.966576576233,2,RL,0,-0.598815500736,0.143226385117,-0.406466484070
127,11.073692321777,1,FR,0,-0.049793411046,-0.072730608284,-0.420081377029
127,11.073692321777,2,RL,0,-0.657917261124,0.136089280248,-0.408006429672
128,11.176614761353,1,FR,0,-0.129579976201,-0.065403871238,-0.414492905140
128,11.176614761353,2,RL,0,-0.739181280136,0.140458986163,-0.402207314968
129,11.218673944473,0,FL,1,0.163152918220,0.062416926026,-0.438678860664
129,11.218673944473,3,RR,1,-0.480118870735,-0.144161209464,-0.413114696741
130,11.324188947678,0,FL,0,0.087188854814,0.072987094522,-0.429967582226
130,11.324188947678,3,RR,0,-0.555203080177,-0.132131800056,-0.403819948435
131,11.436297655106,0,FL,0,0.014006745070,0.083954982460,-0.427149176598
131,11.436297655106,3,RR,0,-0.626549303532,-0.119969397783,-0.398527443409
132,11.541121006012,0,FL,0,-0.059015158564,0.089099779725,-0.429199516773
132,11.541121006012,3,RR,0,-0.698985874653,-0.117505311966,-0.395284205675
133,11.646097183228,0,FL,0,-0.138056471944,0.086307182908,-0.416776061058
133,11.646097183228,3,RR,0,-0.776530385017,-0.115896895528,-0.383398830891
134,11.705756902695,1,FR,1,0.170084834099,-0.088457547128,-0.447636604309
134,11.705756902695,2,RL,1,-0.439523220062,0.116118595004,-0.431583911180
135,11.816183090210,1,FR,0,0.063258387148,-0.085469454527,-0.430099248886
135,11.816183090210,2,RL,0,-0.544882893562,0.116062194109,-0.416319727898
136,11.928134679794,1,FR,0,0.010139804333,-0.080940335989,-0.427183151245
136,11.928134679794,2,RL,0,-0.598097026348,0.119637914002,-0.415193587542
137,12.037962675095,1,FR,0,-0.057486392558,-0.077052861452,-0.430967777967
137,12.037962675095,2,RL,0,-0.662828326225,0.131798431277,-0.414718061686
138,12.145736932755,1,FR,0,-0.151919901371,-0.047392338514,-0.416249454021
138,12.145736932755,2,RL,0,-0.761615633965,0.149974703789,-0.402698755264
139,12.153981924057,0,FL,1,0.166967496276,0.024846047163,-0.437472164631
139,12.153981924057,3,RR,1,-0.452691525221,-0.164718762040,-0.422036826611
140,12.255872249603,0,FL,0,0.084009550512,0.039350613952,-0.424200206995
140,12.255872249603,3,RR,0,-0.531239330769,-0.148562699556,-0.411407977343
141,12.362573146820,0,FL,0,0.022689975798,0.051180109382,-0.420109063387
141,12.362573146820,3,RR,0,-0.596513688564,-0.138204291463,-0.405789345503
142,12.469218492508,0,FL,0,-0.042773813009,0.060790784657,-0.424028366804
142,12.469218492508,3,RR,0,-0.664037764072,-0.138878703117,-0.402871131897
143,12.593998670578,0,FL,0,-0.114685580134,0.052508965135,-0.414847820997
143,12.593998670578,3,RR,0,-0.735409080982,-0.134132951498,-0.395050257444
144,12.636634111404,0,FL,0,-0.164298310876,0.044632121921,-0.402624487877
144,12.636634111404,1,FR,1,0.170193761587,-0.052366249263,-0.438903123140
144,12.636634111404,2,RL,1,-0.440792560577,0.146855548024,-0.420373797417
144,12.636634111404,3,RR,0,-0.782732963562,-0.143308773637,-0.383269309998
145,12.745789527893,1,FR,0,0.083694234490,-0.067013099790,-0.426263481379
145,12.745789527893,2,RL,0,-0.525778412819,0.136004626751,-0.408838182688
146,12.856606721878,1,FR,0,0.013802617788,-0.065727621317,-0.422230005264
146,12.856606721878,2,RL,0,-0.596773266792,0.134187877178,-0.406286299229
147,12.960231304169,1,FR,0,-0.064049348235,-0.066058956087,-0.426598668098
147,12.960231304169,2,RL,0,-0.673790693283,0.134873241186,-0.410805672407
148,13.069243431091,1,FR,0,-0.130731672049,-0.055325813591,-0.419775485992
148,13.069243431091,2,RL,0,-0.742517173290,0.139822050929,-0.407944679260
149,13.104168176651,0,FL,1,0.178265020251,0.049956455827,-0.446772396564
149,13.104168176651,3,RR,1,-0.463082671165,-0.156592011452,-0.416433781385
150,13.210247516632,0,FL,0,0.097545757890,0.060086980462,-0.436953067780
150,13.210247516632,3,RR,0,-0.544046461582,-0.148298978806,-0.409805774689
151,13.311595916748,0,FL,0,0.022330731153,0.059517383575,-0.438498914242
151,13.311595916748,3,RR,0,-0.617529869080,-0.142841085792,-0.409749954939
152,13.421545505524,0,FL,0,-0.051938652992,0.062162958086,-0.443203508854
152,13.421545505524,3,RR,0,-0.690839290619,-0.145296901464,-0.411611646414
153,13.526178359985,0,FL,0,-0.142954602838,0.043036155403,-0.426617920399
153,13.526178359985,3,RR,0,-0.780832409859,-0.156910210848,-0.398909389973
154,13.529402971268,1,FR,1,0.175676092505,-0.047726310790,-0.453090906143
154,13.529402971268,2,RL,1,-0.448027074337,0.154624596238,-0.428323984146
155,13.631412267685,1,FR,0,0.102732554078,-0.061734579504,-0.437441319227
155,13.631412267685,2,RL,0,-0.519429385662,0.143463492393,-0.421404629946
156,13.738236188889,1,FR,0,0.055233411491,-0.069102004170,-0.425718992949
156,13.738236188889,2,RL,0,-0.567117154598,0.135162338614,-0.426254987717
157,13.839005708694,1,FR,0,0.017445269972,-0.072539284825,-0.417342841625
157,13.839005708694,2,RL,0,-0.606675863266,0.125496327877,-0.440004080534
158,13.941496610641,1,FR,0,-0.028128938749,-0.069599948823,-0.412603348494
158,13.941496610641,2,RL,0,-0.648509204388,0.129191085696,-0.465877473354
159,14.005496501923,0,FL,1,0.155589833856,0.052767194808,-0.513979077339
159,14.005496501923,1,FR,0,-0.049942035228,-0.061474882066,-0.406196385622
159,14.005496501923,2,RL,0,-0.668144941330,0.137399747968,-0.477159082890
160,14.018070459366,0,FL,0,0.145848676562,0.058146618307,-0.510207891464
160,14.018070459366,3,RR,1,-0.380870044231,-0.144874513149,-0.448933005333
161,14.121212482452,0,FL,0,0.105728924274,0.061768978834,-0.491856396198
161,14.121212482452,3,RR,0,-0.423909664154,-0.137349322438,-0.461972743273
162,14.225481271744,0,FL,0,0.060791939497,0.070022918284,-0.478924989700
162,14.225481271744,3,RR,0,-0.473181843758,-0.131163939834,-0.484307229519
163,14.258666992188,1,FR,1,0.168938845396,-0.094640284777,-0.524630784988
163,14.258666992188,2,RL,1,-0.354189097881,0.098815731704,-0.527605175972
164,14.359537601471,1,FR,0,0.128410965204,-0.108739346266,-0.503404915333
164,14.359537601471,2,RL,0,-0.393363416195,0.084348842502,-0.543880045414
165,14.470928192139,1,FR,0,0.097121618688,-0.122777141631,-0.492500007153
165,14.470928192139,2,RL,0,-0.422208160162,0.068292260170,-0.558706343174
166,14.573678016663,1,FR,0,0.057222027332,-0.145630061626,-0.484389603138
166,14.573678016663,2,RL,0,-0.457959949970,0.052204564214,-0.573587834835
167,14.621767759323,0,FL,1,0.286011308432,0.148218557239,-0.521135687828
167,14.621767759323,1,FR,0,0.031005840749,-0.150875449181,-0.480729877949
167,14.621767759323,2,RL,0,-0.483306497335,0.042669154704,-0.581383705139
167,14.621767759323,3,RR,1,-0.203682005405,-0.046428579837,-0.448386967182
168,14.728109121323,0,FL,0,0.233414620161,0.130948811769,-0.514111101627
168,14.728109121323,3,RR,0,-0.260672748089,-0.063667804003,-0.469951331615
169,14.835740089417,0,FL,0,0.203535705805,0.119432799518,-0.515083551407
169,14.835740089417,3,RR,0,-0.290835976601,-0.074421137571,-0.484012991190
170,14.952318429947,0,FL,0,0.145817667246,0.113080739975,-0.519309461117
170,14.952318429947,3,RR,0,-0.351885348558,-0.082481175661,-0.509232044220
171,14.993412017822,0,FL,0,0.113696441054,0.104947641492,-0.517417252064
171,14.993412017822,1,FR,1,0.315279722214,-0.072694666684,-0.535505890846
171,14.993412017822,2,RL,1,-0.172637969255,0.119726456702,-0.511273384094
171,14.993412017822,3,RR,0,-0.384173601866,-0.086932070553,-0.510435819626
172,15.104522228241,1,FR,0,0.262083292007,-0.086454227567,-0.529387354851
172,15.104522228241,2,RL,0,-0.226956099272,0.102327533066,-0.520797133446
173,15.207676649094,1,FR,0,0.212725609541,-0.095307186246,-0.526621580124
173,15.207676649094,2,RL,0,-0.276926130056,0.093866407871,-0.524944543839
174,15.307699680328,1,FR,0,0.160319685936,-0.103405520320,-0.522663891315
174,15.307699680328,2,RL,0,-0.328462839127,0.088792011142,-0.524196743965
175,15.379246950150,1,FR,0,0.114870980382,-0.106133244932,-0.518179416656
175,15.379246950150,2,RL,0,-0.374558746815,0.083708867431,-0.520969212055
175,15.379246950150,3,RR,1,-0.142231911421,-0.069384679198,-0.525979876518
176,15.386310577393,0,FL,1,0.359071433544,0.102791398764,-0.517064332962
176,15.386310577393,1,FR,0,0.108413740993,-0.106226205826,-0.518027245998
176,15.386310577393,2,RL,0,-0.380370080471,0.083770692348,-0.521057128906
176,15.386310577393,3,RR,0,-0.148967772722,-0.069500640035,-0.523891150951
177,15.490777730942,0,FL,0,0.282271206379,0.100986428559,-0.520718634129
177,15.490777730942,3,RR,0,-0.228309839964,-0.072142004967,-0.528738975525
178,15.609826326370,0,FL,0,0.231747046113,0.101975813508,-0.523464918137
178,15.609826326370,3,RR,0,-0.279928028584,-0.073725163937,-0.531997025013
179,15.723899841309,0,FL,0,0.148259490728,0.105519808829,-0.521324336529
179,15.723899841309,3,RR,0,-0.364715486765,-0.070338800550,-0.522617936134
180,15.757283210754,0,FL,0,0.117409974337,0.106943286955,-0.519191622734
180,15.757283210754,1,FR,1,0.351643770933,-0.098884060979,-0.530870318413
180,15.757283210754,2,RL,1,-0.149443268776,0.078404173255,-0.519757449627
180,15.757283210754,3,RR,0,-0.394951343536,-0.068142257631,-0.517466485500
181,15.863287687302,1,FR,0,0.268655896187,-0.095921628177,-0.536687254906
181,15.863287687302,2,RL,0,-0.231550604105,0.083462342620,-0.517259836197
182,15.967607736588,1,FR,0,0.199262991548,-0.095526270568,-0.544621348381
182,15.967607736588,2,RL,0,-0.300259888172,0.085517793894,-0.513491094112
183,16.073051452637,1,FR,0,0.130577147007,-0.088430762291,-0.555433750153
183,16.073051452637,2,RL,0,-0.367491662502,0.095418348908,-0.506502389908
184,16.177926540375,0,FL,1,0.310056567192,0.062552511692,-0.435609042645
184,16.177926540375,1,FR,0,0.040456630290,-0.075511023402,-0.558261215687
184,16.177926540375,2,RL,0,-0.456884324551,0.104947738349,-0.487187772989
184,16.177926540375,3,RR,1,-0.219443231821,-0.118234694004,-0.526393175125
185,16.280892848969,0,FL,0,0.210869073868,0.072070300579,-0.458535492420
185,16.280892848969,3,RR,0,-0.323196649551,-0.111249953508,-0.520785689354
186,16.380919218063,0,FL,0,0.143537253141,0.078161254525,-0.475077271461
186,16.380919218063,3,RR,0,-0.392642587423,-0.106416806579,-0.509450793266
187,16.493075609207,0,FL,0,0.051152400672,0.083777666092,-0.485854685307
187,16.493075609207,3,RR,0,-0.486982971430,-0.097757160664,-0.485605955124
188,16.592110157013,0,FL,0,-0.066004902124,0.083341807127,-0.474013417959
188,16.592110157013,2,RL,1,-0.343981325626,0.094882786274,-0.542161464691
188,16.592110157013,3,RR,0,-0.602161824703,-0.099971830845,-0.434179753065
189,16.637133598328,1,FR,1,0.226667702198,-0.094303607941,-0.430392593145
189,16.637133598328,2,RL,0,-0.368714958429,0.093167677522,-0.535062909126
190,16.739192962646,1,FR,0,0.108779989183,-0.090883381665,-0.428688347340
190,16.739192962646,2,RL,0,-0.489352047443,0.100754931569,-0.497777491808
191,16.849245548248,1,FR,0,0.031537469476,-0.087023206055,-0.430029571056
191,16.849245548248,2,RL,0,-0.568363726139,0.106116443872,-0.470494121313
192,16.959585189819,1,FR,0,-0.047284476459,-0.077302448452,-0.429880201817
192,16.959585189819,2,RL,0,-0.650240302086,0.111934415996,-0.448428481817
193,17.066526174545,1,FR,0,-0.101274751127,-0.066756501794,-0.425330549479
193,17.066526174545,2,RL,0,-0.703358411789,0.125091820955,-0.433155775070
194,17.090216159821,0,FL,1,0.169725701213,0.044748798013,-0.416785687208
194,17.090216159821,3,RR,1,-0.444434762001,-0.146700948477,-0.431392729282
195,17.191216707230,0,FL,0,0.082452550530,0.046921990812,-0.411013960838
195,17.191216707230,3,RR,0,-0.532100260258,-0.136680349708,-0.414267182350
196,17.301106452942,0,FL,0,0.003237720579,0.049537420273,-0.416892945766
196,17.301106452942,3,RR,0,-0.609160304070,-0.136050015688,-0.410079598427
197,17.408156871796,0,FL,0,-0.079492546618,0.040222972631,-0.423433184624
197,17.408156871796,3,RR,0,-0.692873597145,-0.146551042795,-0.406510263681
198,17.469347000122,1,FR,1,0.177602469921,-0.029581263661,-0.447942912579
198,17.469347000122,2,RL,1,-0.447558045387,0.156095221639,-0.416922390461
199,17.577084779739,1,FR,0,0.090984016657,-0.042762391269,-0.437612980604
199,17.577084779739,2,RL,0,-0.530042409897,0.143452286720,-0.406742304564
200,17.688791751862,1,FR,0,0.013518951833,-0.049941144884,-0.434919357300
200,17.688791751862,2,RL,0,-0.608156204224,0.128919675946,-0.408081471920
201,17.796703100204,1,FR,0,-0.074611693621,-0.051151491702,-0.438557982445
201,17.796703100204,2,RL,0,-0.694001317024,0.131161078811,-0.408931910992
202,17.875312328339,0,FL,1,0.190838441253,0.054630622268,-0.458122432232
202,17.875312328339,3,RR,1,-0.447679638863,-0.151120603085,-0.421778738499
203,17.976660728455,0,FL,0,0.109105676413,0.066705070436,-0.446344137192
203,17.976660728455,3,RR,0,-0.529341995716,-0.140559226274,-0.414516389370
204,18.091040372849,0,FL,0,0.039050031453,0.068626649678,-0.431840866804
204,18.091040372849,3,RR,0,-0.599015355110,-0.137419700623,-0.400481313467
205,18.177445650101,1,FR,1,0.075948871672,-0.090512841940,-0.501666665077
205,18.177445650101,2,RL,1,-0.561556994915,0.112555660307,-0.454390615225
206,18.284989356995,1,FR,0,0.020529519767,-0.101290047169,-0.477548629045
206,18.284989356995,2,RL,0,-0.616717338562,0.098817765713,-0.440647065639
207,18.395980834961,1,FR,0,-0.030943084508,-0.113116547465,-0.458680987358
207,18.395980834961,2,RL,0,-0.667745888233,0.086438581347,-0.426125019789
208,18.506480932236,1,FR,0,-0.103960946202,-0.122902005911,-0.445652544498
208,18.506480932236,2,RL,0,-0.739741563797,0.080775938928,-0.410601973534
209,18.585847377777,0,FL,1,0.125907525420,0.100620508194,-0.426450729370
209,18.585847377777,3,RR,1,-0.495821952820,-0.085616581142,-0.420681059361
210,18.688855171204,0,FL,0,0.064064763486,0.094325244427,-0.418408870697
210,18.688855171204,3,RR,0,-0.555602669716,-0.088161326945,-0.412579864264
211,18.805135488510,0,FL,0,-0.017343441024,0.090014584363,-0.420978754759
211,18.805135488510,3,RR,0,-0.633776724339,-0.093057796359,-0.410617977381
212,18.909826755524,0,FL,0,-0.095459327102,0.081331022084,-0.427463710308
212,18.909826755524,3,RR,0,-0.713962197304,-0.103453665972,-0.411230206490
213,18.966616392136,0,FL,0,-0.145847871900,0.075771406293,-0.422792762518
213,18.966616392136,2,RL,1,-0.470245331526,0.113921344280,-0.406277149916
213,18.966616392136,3,RR,0,-0.761318206787,-0.102746605873,-0.408223688602
214,18.973100662231,1,FR,1,0.126185745001,-0.072268404067,-0.425776422024
214,18.973100662231,2,RL,0,-0.480508446693,0.115120142698,-0.408482432365
215,19.073816299438,1,FR,0,0.056442558765,-0.075694330037,-0.420913815498
215,19.073816299438,2,RL,0,-0.547076404095,0.106481894851,-0.405235946178
216,19.175835132599,1,FR,0,-0.002048749477,-0.074295260012,-0.415928542614
216,19.175835132599,2,RL,0,-0.607495665550,0.105742469430,-0.402986705303
217,19.295095920563,1,FR,0,-0.067248240113,-0.075988933444,-0.415153205395
217,19.295095920563,2,RL,0,-0.673965215683,0.097857996821,-0.402001351118
218,19.397885799408,1,FR,0,-0.145485699177,-0.076557956636,-0.410978913307
218,19.397885799408,2,RL,0,-0.751721024513,0.100401632488,-0.397334516048
219,19.433893918991,0,FL,1,0.161759212613,0.080486081541,-0.426510393620
219,19.433893918991,3,RR,1,-0.455900371075,-0.129315242171,-0.416562646627
220,19.540776968002,0,FL,0,0.080009058118,0.087083689868,-0.417325049639
220,19.540776968002,3,RR,0,-0.541491150856,-0.123276397586,-0.408783555031
221,19.645946502686,0,FL,0,0.012445557863,0.088443078101,-0.414310932159
221,19.645946502686,3,RR,0,-0.606251239777,-0.118101030588,-0.405501633883
222,19.746614933014,0,FL,0,-0.056032828987,0.092835702002,-0.418735980988
222,19.746614933014,3,RR,0,-0.674082875252,-0.117737025023,-0.405376642942
223,19.858242750168,0,FL,0,-0.128052800894,0.086770661175,-0.415272504091
223,19.858242750168,3,RR,0,-0.747192442417,-0.121000558138,-0.399723589420
224,19.890875577927,1,FR,1,0.142904251814,-0.081720247865,-0.433275163174
224,19.890875577927,2,RL,1,-0.466597080231,0.130059972405,-0.412381768227
225,19.997438192368,1,FR,0,0.062263645232,-0.085477776825,-0.420269668102
225,19.997438192368,2,RL,0,-0.544866800308,0.124731555581,-0.403000205755
226,20.107738018036,1,FR,0,-0.002427667379,-0.088538587093,-0.416913032532
226,20.107738018036,2,RL,0,-0.608426213264,0.120861023664,-0.403542637825
227,20.208222389221,1,FR,0,-0.059225734323,-0.088209122419,-0.419279724360
227,20.208222389221,2,RL,0,-0.664788484573,0.122267946601,-0.404661208391
228,20.316902160645,1,FR,0,-0.141112670302,-0.075745791197,-0.416878819466
228,20.316902160645,2,RL,0,-0.748792886734,0.131233870983,-0.401747107506
229,20.341652154922,0,FL,1,0.162101745605,0.059806235135,-0.426266878843
229,20.341652154922,3,RR,1,-0.453599721193,-0.146211639047,-0.413632959127
230,20.441869974136,0,FL,0,0.096847355366,0.076072603464,-0.421518623829
230,20.441869974136,3,RR,0,-0.518711209297,-0.132649436593,-0.410166382790
231,20.550358295441,0,FL,0,0.023475572467,0.078543275595,-0.416025608778
231,20.550358295441,3,RR,0,-0.593489289284,-0.127811312675,-0.403903514147
232,20.653639316559,0,FL,0,-0.041415043175,0.087599188089,-0.414328157902
232,20.653639316559,3,RR,0,-0.655749440193,-0.116174586117,-0.401663303375
233,20.758529424667,0,FL,0,-0.109626375139,0.090466238558,-0.411568343639
233,20.758529424667,3,RR,0,-0.725253462791,-0.116609200835,-0.394095033407
234,20.841403484344,1,FR,1,0.177489817142,-0.087572410703,-0.442867666483
234,20.841403484344,2,RL,1,-0.438811480999,0.121506199241,-0.426541119814
235,20.942525863647,1,FR,0,0.100499868393,-0.089598476887,-0.427430033684
235,20.942525863647,2,RL,0,-0.514842033386,0.121574357152,-0.413145840168
236,21.042997598648,1,FR,0,0.037405747920,-0.084140561521,-0.411409020424
236,21.042997598648,2,RL,0,-0.577995419502,0.124385863543,-0.400803923607
237,21.153890132904,0,FL,1,0.055539801717,0.074722908437,-0.468559741974
237,21.153890132904,3,RR,1,-0.589407205582,-0.131041675806,-0.432124912739
238,21.258220672607,0,FL,0,-0.001895016991,0.090835161507,-0.458350360394
238,21.258220672607,3,RR,0,-0.649066805840,-0.116362392902,-0.430051416159
239,21.371990919113,0,FL,0,-0.050626046956,0.107859656215,-0.443070232868
239,21.371990919113,3,RR,0,-0.694504082203,-0.095904335380,-0.427353322506
240,21.479773998260,0,FL,0,-0.113526903093,0.129596978426,-0.427685171366
240,21.479773998260,3,RR,0,-0.760142683983,-0.079359963536,-0.422423124313
241,21.489840745926,1,FR,1,0.152863919735,-0.128844261169,-0.441051572561
241,21.489840745926,2,RL,1,-0.434885144234,0.061619825661,-0.429534643888
242,21.595412015915,1,FR,0,0.098091006279,-0.127663284540,-0.426145613194
242,21.595412015915,2,RL,0,-0.487316995859,0.063784986734,-0.434660553932
243,21.695710182190,1,FR,0,0.045330137014,-0.108168765903,-0.415933847427
243,21.695710182190,2,RL,0,-0.542717158794,0.074921846390,-0.460868090391
244,21.797014951706,1,FR,0,0.001590972766,-0.104144617915,-0.423047989607
244,21.797014951706,2,RL,0,-0.583432555199,0.081217646599,-0.497388601303
245,21.889788389206,0,FL,1,0.166655555367,0.061156615615,-0.509818077087
245,21.889788389206,3,RR,1,-0.344039171934,-0.127181753516,-0.453981131315
246,21.989835023880,0,FL,0,0.126404851675,0.062194302678,-0.501927196980
246,21.989835023880,3,RR,0,-0.392213642597,-0.121925577521,-0.483077228069
247,22.093839406967,0,FL,0,0.095459625125,0.065188869834,-0.497671455145
247,22.093839406967,3,RR,0,-0.421845078468,-0.116281658411,-0.517740130424
248,22.209222316742,0,FL,0,0.068691179156,0.064062207937,-0.497123926878
248,22.209222316742,3,RR,0,-0.447833418846,-0.114718168974,-0.540584921837
249,22.231152057648,0,FL,0,0.038022406399,0.060584388673,-0.494301140308
249,22.231152057648,1,FR,1,0.245859131217,-0.071915313601,-0.540712535381
249,22.231152057648,2,RL,1,-0.196461737156,0.102657847106,-0.455088615417
249,22.231152057648,3,RR,0,-0.476835072041,-0.116700679064,-0.557802617550
250,22.337756872177,1,FR,0,0.201673001051,-0.082555502653,-0.533156156540
250,22.337756872177,2,RL,0,-0.244829118252,0.091152295470,-0.477829605341
251,22.439201831818,1,FR,0,0.167128130794,-0.091720797122,-0.528392255306
251,22.439201831818,2,RL,0,-0.281925797462,0.081624791026,-0.494863778353
252,22.547332525253,1,FR,0,0.121769860387,-0.104893058538,-0.523335695267
252,22.547332525253,2,RL,0,-0.328244388103,0.071917690337,-0.505877852440
253,22.610280275345,0,FL,1,0.333388328552,0.107984483242,-0.529543757439
253,22.610280275345,1,FR,0,0.082090936601,-0.108021646738,-0.518480837345
253,22.610280275345,2,RL,0,-0.369239866734,0.066131979227,-0.506738066673
253,22.610280275345,3,RR,1,-0.167303621769,-0.067824035883,-0.516406774521
254,22.712768316269,0,FL,0,0.295383006334,0.110312275589,-0.525783419609
254,22.712768316269,3,RR,0,-0.205550491810,-0.068366721272,-0.522146642208
255,22.816230058670,0,FL,0,0.220594570041,0.100815653801,-0.525856852531
255,22.816230058670,3,RR,0,-0.282196700573,-0.077958539128,-0.531524300575
256,22.919141769409,0,FL,0,0.166060760617,0.099596798420,-0.520183324814
256,22.919141769409,3,RR,0,-0.338110327721,-0.079849898815,-0.530150115490
257,23.023237943649,1,FR,1,0.366111636162,-0.087323471904,-0.523864150047
257,23.023237943649,2,RL,1,-0.201904773712,0.086419224739,-0.522733390331
258,23.127274513245,1,FR,0,0.299426168203,-0.087692700326,-0.524203419685
258,23.127274513245,2,RL,0,-0.268832564354,0.083156779408,-0.525278091431
259,23.227892160416,1,FR,0,0.241109251976,-0.089097268879,-0.523452162743
259,23.227892160416,2,RL,0,-0.327320635319,0.083068706095,-0.525142192841
260,23.338326931000,1,FR,0,0.181803360581,-0.089231833816,-0.516229391098
260,23.338326931000,2,RL,0,-0.386508733034,0.083233848214,-0.518061280251
261,23.360741615295,0,FL,1,0.398365825415,0.082003220916,-0.512552022934
261,23.360741615295,3,RR,1,-0.197926551104,-0.090777933598,-0.521329045296
262,23.463609933853,0,FL,0,0.335729122162,0.080821439624,-0.514088869095
262,23.463609933853,3,RR,0,-0.258207976818,-0.090087898076,-0.519954085350
263,23.565724849701,0,FL,0,0.276059865952,0.080930069089,-0.517165541649
263,23.565724849701,3,RR,0,-0.318125128746,-0.091299742460,-0.522174775600
264,23.673872947693,0,FL,0,0.222203195095,0.079541668296,-0.513530671597
264,23.673872947693,3,RR,0,-0.372816622257,-0.093100160360,-0.518071055412
265,23.722787380219,0,FL,0,0.183138906956,0.078154534101,-0.509105443954
265,23.722787380219,1,FR,1,0.405945807695,-0.073711931705,-0.513725519180
265,23.722787380219,3,RR,0,-0.411432623863,-0.094513431191,-0.513070344925
266,23.728997230530,1,FR,0,0.402035444975,-0.074940040708,-0.515061378479
266,23.728997230530,2,RL,1,-0.189898043871,0.095498442650,-0.510684549809
267,23.839437484741,1,FR,0,0.329879909754,-0.078107267618,-0.515465795994
267,23.839437484741,2,RL,0,-0.262365072966,0.093451842666,-0.513949632645
268,23.940587997437,1,FR,0,0.274328649044,-0.080709919333,-0.518067181110
268,23.940587997437,2,RL,0,-0.317347049713,0.091448202729,-0.518142700195
